event_index,event_id,event_title,group,item_index,item_id,field,current_text,new_text,notes
1,team-message,被忽略的消息,event,,team-message,title,被忽略的消息,,事件标题
1,team-message,被忽略的消息,event,,team-message,text,你在小组频道里提出一个方案，过了半小时没有人回应。几分钟后，另一个人发了相似的想法，大家开始讨论。,,事件正文
1,team-message,被忽略的消息,firstReactions,1,stay-quiet-and-observe,text,先不说话，看看大家到底会不会接这个话题。,,第一反应选项，玩家可见
1,team-message,被忽略的消息,firstReactions,1,stay-quiet-and-observe,tone,观察,,内部倾向，可改但不会直接显示
1,team-message,被忽略的消息,firstReactions,2,maybe-i-was-unclear,text,有点尴尬，怀疑是不是自己表达得不够清楚。,,第一反应选项，玩家可见
1,team-message,被忽略的消息,firstReactions,2,maybe-i-was-unclear,tone,自疑,,内部倾向，可改但不会直接显示
1,team-message,被忽略的消息,firstReactions,3,why-him-not-me,text,不是，凭什么他说就有人回？,,第一反应选项，玩家可见
1,team-message,被忽略的消息,firstReactions,3,why-him-not-me,tone,反击,,内部倾向，可改但不会直接显示
1,team-message,被忽略的消息,firstReactions,4,maybe-they-missed-it,text,算了，也许大家刚才只是没看到。,,第一反应选项，玩家可见
1,team-message,被忽略的消息,firstReactions,4,maybe-they-missed-it,tone,缓和,,内部倾向，可改但不会直接显示
1,team-message,被忽略的消息,attentionHooks,1,tone,label,语气,,注意力标题/标签
1,team-message,被忽略的消息,attentionHooks,1,tone,text,频道里没有明确拒绝，但沉默本身带着冷淡感。,,注意力浮现文案
1,team-message,被忽略的消息,attentionHooks,1,tone,description,频道里没有明确拒绝，但沉默本身带着冷淡感。,,注意力说明
1,team-message,被忽略的消息,attentionHooks,1,tone,type,tone,,注意力统计类型
1,team-message,被忽略的消息,attentionHooks,2,power-relation,label,权力关系,,注意力标题/标签
1,team-message,被忽略的消息,attentionHooks,2,power-relation,text,谁的想法更容易被接住，透露出群体里的位置差异。,,注意力浮现文案
1,team-message,被忽略的消息,attentionHooks,2,power-relation,description,谁的想法更容易被接住，透露出群体里的位置差异。,,注意力说明
1,team-message,被忽略的消息,attentionHooks,2,power-relation,type,power-relation,,注意力统计类型
1,team-message,被忽略的消息,attentionHooks,3,literal-meaning,label,字面含义,,注意力标题/标签
1,team-message,被忽略的消息,attentionHooks,3,literal-meaning,text,大家只是开始讨论一个相似方案，未必在针对你。,,注意力浮现文案
1,team-message,被忽略的消息,attentionHooks,3,literal-meaning,description,大家只是开始讨论一个相似方案，未必在针对你。,,注意力说明
1,team-message,被忽略的消息,attentionHooks,3,literal-meaning,type,literal,,注意力统计类型
1,team-message,被忽略的消息,attentionHooks,4,hidden-belittling,label,隐含贬低,,注意力标题/标签
1,team-message,被忽略的消息,attentionHooks,4,hidden-belittling,text,同样的想法换个人说才被回应，可能让人感到被压低。,,注意力浮现文案
1,team-message,被忽略的消息,attentionHooks,4,hidden-belittling,description,同样的想法换个人说才被回应，可能让人感到被压低。,,注意力说明
1,team-message,被忽略的消息,attentionHooks,4,hidden-belittling,type,hidden-belittling,,注意力统计类型
1,team-message,被忽略的消息,attentionHooks,5,social-risk,label,社交风险,,注意力标题/标签
1,team-message,被忽略的消息,attentionHooks,5,social-risk,text,直接指出可能让气氛变紧，也可能让边界变清楚。,,注意力浮现文案
1,team-message,被忽略的消息,attentionHooks,5,social-risk,description,直接指出可能让气氛变紧，也可能让边界变清楚。,,注意力说明
1,team-message,被忽略的消息,attentionHooks,5,social-risk,type,hostility,,注意力统计类型
1,team-message,被忽略的消息,attentionHooks,6,action-opportunity,label,行动机会,,注意力标题/标签
1,team-message,被忽略的消息,attentionHooks,6,action-opportunity,text,相似方案已经打开讨论入口，可以顺势补充和合并。,,注意力浮现文案
1,team-message,被忽略的消息,attentionHooks,6,action-opportunity,description,相似方案已经打开讨论入口，可以顺势补充和合并。,,注意力说明
1,team-message,被忽略的消息,attentionHooks,6,action-opportunity,type,process,,注意力统计类型
1,team-message,被忽略的消息,tags,1,rejection,label,这是被否定,,事件标注按钮主文案
1,team-message,被忽略的消息,tags,1,rejection,description,把沉默理解成他人不认可自己。,,事件标注说明
1,team-message,被忽略的消息,tags,2,competition,label,这是竞争,,事件标注按钮主文案
1,team-message,被忽略的消息,tags,2,competition,description,把讨论看成资源和位置的争夺。,,事件标注说明
1,team-message,被忽略的消息,tags,3,noise,label,这是信息噪音,,事件标注按钮主文案
1,team-message,被忽略的消息,tags,3,noise,description,认为大家可能只是没有看见或没有接上。,,事件标注说明
1,team-message,被忽略的消息,tags,4,coordination,label,这是协作机会,,事件标注按钮主文案
1,team-message,被忽略的消息,tags,4,coordination,description,把相似想法看成可以合流的信号。,,事件标注说明
1,team-message,被忽略的消息,behaviors,1,clarify,label,补充说明,,行为回应按钮主文案
1,team-message,被忽略的消息,behaviors,1,clarify,description,把自己的原始方案展开，邀请大家合并讨论。,,行为回应说明
1,team-message,被忽略的消息,behaviors,2,withdraw,label,先退出,,行为回应按钮主文案
1,team-message,被忽略的消息,behaviors,2,withdraw,description,不再发言，观察大家后续怎么说。,,行为回应说明
1,team-message,被忽略的消息,behaviors,3,push-back,label,直接指出,,行为回应按钮主文案
1,team-message,被忽略的消息,behaviors,3,push-back,description,提醒大家自己刚刚已经提出过类似想法。,,行为回应说明
1,team-message,被忽略的消息,behaviors,4,ask,label,询问连接,,行为回应按钮主文案
1,team-message,被忽略的消息,behaviors,4,ask,description,问对方是否愿意一起把两个方案拼成一个版本。,,行为回应说明
1,team-message,被忽略的消息,attributions,1,make,label,我可以创造入口,,人格归因按钮主文案
1,team-message,被忽略的消息,attributions,1,make,description,把注意力放在下一步能产出的东西上。,,人格归因说明
1,team-message,被忽略的消息,attributions,2,read,label,我要读懂局势,,人格归因按钮主文案
1,team-message,被忽略的消息,attributions,2,read,description,把这次经验归结为需要更早判断群体节奏。,,人格归因说明
1,team-message,被忽略的消息,attributions,3,please,label,我要减少摩擦,,人格归因按钮主文案
1,team-message,被忽略的消息,attributions,3,please,description,把重点放在让别人更舒服地接住自己。,,人格归因说明
1,team-message,被忽略的消息,attributions,4,watch,label,我先保持距离,,人格归因按钮主文案
1,team-message,被忽略的消息,attributions,4,watch,description,把沉默当成保护自己的方式。,,人格归因说明
2,late-feedback,迟来的反馈,event,,late-feedback,title,迟来的反馈,,事件标题
2,late-feedback,迟来的反馈,event,,late-feedback,text,你交付了一份草案。对方两天后才回复，只说“方向不太对，我们再看看”。没有指出具体问题。,,事件正文
2,late-feedback,迟来的反馈,firstReactions,1,what-does-wrong-mean,text,“方向不太对”到底是哪儿不对？这话也太空了。,,第一反应选项，玩家可见
2,late-feedback,迟来的反馈,firstReactions,1,what-does-wrong-mean,tone,追问,,内部倾向，可改但不会直接显示
2,late-feedback,迟来的反馈,firstReactions,2,maybe-i-did-badly,text,完了，是不是我这版真的很差。,,第一反应选项，玩家可见
2,late-feedback,迟来的反馈,firstReactions,2,maybe-i-did-badly,tone,自疑,,内部倾向，可改但不会直接显示
2,late-feedback,迟来的反馈,firstReactions,3,they-dont-know-either,text,我感觉对方也没想清楚，只是先把我挡回来。,,第一反应选项，玩家可见
2,late-feedback,迟来的反馈,firstReactions,3,they-dont-know-either,tone,结构,,内部倾向，可改但不会直接显示
2,late-feedback,迟来的反馈,firstReactions,4,need-a-standard,text,先别慌，我得把标准问出来。,,第一反应选项，玩家可见
2,late-feedback,迟来的反馈,firstReactions,4,need-a-standard,tone,整理,,内部倾向，可改但不会直接显示
2,late-feedback,迟来的反馈,attentionHooks,1,tone,label,语气,,注意力标题/标签
2,late-feedback,迟来的反馈,attentionHooks,1,tone,text,回复很短，缺少安抚和具体说明。,,注意力浮现文案
2,late-feedback,迟来的反馈,attentionHooks,1,tone,description,回复很短，缺少安抚和具体说明。,,注意力说明
2,late-feedback,迟来的反馈,attentionHooks,1,tone,type,tone,,注意力统计类型
2,late-feedback,迟来的反馈,attentionHooks,2,rule,label,规则,,注意力标题/标签
2,late-feedback,迟来的反馈,attentionHooks,2,rule,text,对方没有说明什么才算方向正确。,,注意力浮现文案
2,late-feedback,迟来的反馈,attentionHooks,2,rule,description,对方没有说明什么才算方向正确。,,注意力说明
2,late-feedback,迟来的反馈,attentionHooks,2,rule,type,rule,,注意力统计类型
2,late-feedback,迟来的反馈,attentionHooks,3,process,label,流程,,注意力标题/标签
2,late-feedback,迟来的反馈,attentionHooks,3,process,text,草案、反馈、修订之间缺少清晰步骤。,,注意力浮现文案
2,late-feedback,迟来的反馈,attentionHooks,3,process,description,草案、反馈、修订之间缺少清晰步骤。,,注意力说明
2,late-feedback,迟来的反馈,attentionHooks,3,process,type,process,,注意力统计类型
2,late-feedback,迟来的反馈,attentionHooks,4,structure,label,结构,,注意力标题/标签
2,late-feedback,迟来的反馈,attentionHooks,4,structure,text,问题可能来自目标、标准和决策方式没有对齐。,,注意力浮现文案
2,late-feedback,迟来的反馈,attentionHooks,4,structure,description,问题可能来自目标、标准和决策方式没有对齐。,,注意力说明
2,late-feedback,迟来的反馈,attentionHooks,4,structure,type,structure,,注意力统计类型
2,late-feedback,迟来的反馈,attentionHooks,5,other-motive,label,对方动机,,注意力标题/标签
2,late-feedback,迟来的反馈,attentionHooks,5,other-motive,text,对方也许还没想清楚，只能先给出模糊判断。,,注意力浮现文案
2,late-feedback,迟来的反馈,attentionHooks,5,other-motive,description,对方也许还没想清楚，只能先给出模糊判断。,,注意力说明
2,late-feedback,迟来的反馈,attentionHooks,5,other-motive,type,other-motive,,注意力统计类型
2,late-feedback,迟来的反馈,attentionHooks,6,attack-signal,label,攻击信号,,注意力标题/标签
2,late-feedback,迟来的反馈,attentionHooks,6,attack-signal,text,模糊否定可能被感受为对作品和能力的打击。,,注意力浮现文案
2,late-feedback,迟来的反馈,attentionHooks,6,attack-signal,description,模糊否定可能被感受为对作品和能力的打击。,,注意力说明
2,late-feedback,迟来的反馈,attentionHooks,6,attack-signal,type,attack-signal,,注意力统计类型
2,late-feedback,迟来的反馈,tags,1,vague-threat,label,这是模糊威胁,,事件标注按钮主文案
2,late-feedback,迟来的反馈,tags,1,vague-threat,description,把不明确反馈理解成潜在风险。,,事件标注说明
2,late-feedback,迟来的反馈,tags,2,quality-gap,label,这是质量差距,,事件标注按钮主文案
2,late-feedback,迟来的反馈,tags,2,quality-gap,description,认为作品可能没有达到对方期待。,,事件标注说明
2,late-feedback,迟来的反馈,tags,3,missing-criteria,label,这是标准缺失,,事件标注按钮主文案
2,late-feedback,迟来的反馈,tags,3,missing-criteria,description,问题可能在双方还没有对齐判断标准。,,事件标注说明
2,late-feedback,迟来的反馈,tags,4,shared-search,label,这是共同探索,,事件标注按钮主文案
2,late-feedback,迟来的反馈,tags,4,shared-search,description,把反馈看成还在找方向，而不是失败结论。,,事件标注说明
2,late-feedback,迟来的反馈,behaviors,1,request-criteria,label,索要标准,,行为回应按钮主文案
2,late-feedback,迟来的反馈,behaviors,1,request-criteria,description,请对方列出判断方向是否正确的三个条件。,,行为回应说明
2,late-feedback,迟来的反馈,behaviors,2,revise-fast,label,立刻重做,,行为回应按钮主文案
2,late-feedback,迟来的反馈,behaviors,2,revise-fast,description,先按自己的理解快速改一版。,,行为回应说明
2,late-feedback,迟来的反馈,behaviors,3,defend,label,解释原意,,行为回应按钮主文案
2,late-feedback,迟来的反馈,behaviors,3,defend,description,说明草案背后的判断，争取让对方理解。,,行为回应说明
2,late-feedback,迟来的反馈,behaviors,4,pause,label,暂停消化,,行为回应按钮主文案
2,late-feedback,迟来的反馈,behaviors,4,pause,description,先不回复，等情绪下降后再整理问题。,,行为回应说明
2,late-feedback,迟来的反馈,attributions,1,systemize,label,我需要建立系统,,人格归因按钮主文案
2,late-feedback,迟来的反馈,attributions,1,systemize,description,以后先问标准，再推进内容。,,人格归因说明
2,late-feedback,迟来的反馈,attributions,2,experiment,label,我可以快速试错,,人格归因按钮主文案
2,late-feedback,迟来的反馈,attributions,2,experiment,description,把模糊看成迭代空间。,,人格归因说明
2,late-feedback,迟来的反馈,attributions,3,appease,label,我要更贴合对方,,人格归因按钮主文案
2,late-feedback,迟来的反馈,attributions,3,appease,description,把问题归因于自己没有提前照顾对方期待。,,人格归因说明
2,late-feedback,迟来的反馈,attributions,4,protect,label,我要保留能量,,人格归因按钮主文案
2,late-feedback,迟来的反馈,attributions,4,protect,description,把这次经历归结为不能太快投入。,,人格归因说明
3,operator-hidden-charge,运营商扣费,event,,operator-hidden-charge,title,运营商扣费,,事件标题
3,operator-hidden-charge,运营商扣费,event,,operator-hidden-charge,text,你发现运营商莫名其妙扣了 35 元话费。你越想越烦，觉得这钱像是被一个看不见的系统悄悄吞掉了。中午你本来想吃饭，最后却说：算了，不吃了，减肥。,,事件正文
3,operator-hidden-charge,运营商扣费,firstReactions,1,thirty-five-still-hurts,text,35 块不是大钱，但它就这么没了，我真的很烦。,,第一反应选项，玩家可见
3,operator-hidden-charge,运营商扣费,firstReactions,1,thirty-five-still-hurts,tone,刺痛,,内部倾向，可改但不会直接显示
3,operator-hidden-charge,运营商扣费,firstReactions,2,where-did-it-go,text,这钱到底从哪扣的？我连规则都看不见。,,第一反应选项，玩家可见
3,operator-hidden-charge,运营商扣费,firstReactions,2,where-did-it-go,tone,追查,,内部倾向，可改但不会直接显示
3,operator-hidden-charge,运营商扣费,firstReactions,3,skip-lunch-now,text,算了，中午不吃了，至少能把这口气补回来。,,第一反应选项，玩家可见
3,operator-hidden-charge,运营商扣费,firstReactions,3,skip-lunch-now,tone,自罚,,内部倾向，可改但不会直接显示
3,operator-hidden-charge,运营商扣费,firstReactions,4,complain-first,text,不行，先查账单，不能让身体替运营商买单。,,第一反应选项，玩家可见
3,operator-hidden-charge,运营商扣费,firstReactions,4,complain-first,tone,行动,,内部倾向，可改但不会直接显示
3,operator-hidden-charge,运营商扣费,attentionHooks,1,economic-loss,label,小额经济损失,,注意力标题/标签
3,operator-hidden-charge,运营商扣费,attentionHooks,1,economic-loss,text,这不是一笔大钱，但它真实地减少了你的生活预算。,,注意力浮现文案
3,operator-hidden-charge,运营商扣费,attentionHooks,1,economic-loss,description,这不是一笔大钱，但它真实地减少了你的生活预算。,,注意力说明
3,operator-hidden-charge,运营商扣费,attentionHooks,1,economic-loss,type,responsibility,,注意力统计类型
3,operator-hidden-charge,运营商扣费,attentionHooks,2,opaque-rules,label,不透明规则,,注意力标题/标签
3,operator-hidden-charge,运营商扣费,attentionHooks,2,opaque-rules,text,你不知道这笔扣费从哪里来，也不知道该如何快速追回。,,注意力浮现文案
3,operator-hidden-charge,运营商扣费,attentionHooks,2,opaque-rules,description,你不知道这笔扣费从哪里来，也不知道该如何快速追回。,,注意力说明
3,operator-hidden-charge,运营商扣费,attentionHooks,2,opaque-rules,type,rule,,注意力统计类型
3,operator-hidden-charge,运营商扣费,attentionHooks,3,institutional-power,label,机构压迫感,,注意力标题/标签
3,operator-hidden-charge,运营商扣费,attentionHooks,3,institutional-power,text,面对运营商这样的庞大系统，你很难获得对等解释权。,,注意力浮现文案
3,operator-hidden-charge,运营商扣费,attentionHooks,3,institutional-power,description,面对运营商这样的庞大系统，你很难获得对等解释权。,,注意力说明
3,operator-hidden-charge,运营商扣费,attentionHooks,3,institutional-power,type,power-relation,,注意力统计类型
3,operator-hidden-charge,运营商扣费,attentionHooks,4,anger-transfer,label,愤怒转移,,注意力标题/标签
3,operator-hidden-charge,运营商扣费,attentionHooks,4,anger-transfer,text,你没有立刻把愤怒指向系统，而是开始压缩自己的需求。,,注意力浮现文案
3,operator-hidden-charge,运营商扣费,attentionHooks,4,anger-transfer,description,你没有立刻把愤怒指向系统，而是开始压缩自己的需求。,,注意力说明
3,operator-hidden-charge,运营商扣费,attentionHooks,4,anger-transfer,type,hostility,,注意力统计类型
3,operator-hidden-charge,运营商扣费,attentionHooks,5,self-punishment,label,自我惩罚倾向,,注意力标题/标签
3,operator-hidden-charge,运营商扣费,attentionHooks,5,self-punishment,text,你试图通过不吃饭，把外部损失从身体上补回来。,,注意力浮现文案
3,operator-hidden-charge,运营商扣费,attentionHooks,5,self-punishment,description,你试图通过不吃饭，把外部损失从身体上补回来。,,注意力说明
3,operator-hidden-charge,运营商扣费,attentionHooks,5,self-punishment,type,hidden-belittling,,注意力统计类型
3,operator-hidden-charge,运营商扣费,attentionHooks,6,survival-pressure,label,生活压力,,注意力标题/标签
3,operator-hidden-charge,运营商扣费,attentionHooks,6,survival-pressure,text,小额损失之所以刺痛，是因为你正在精确计算每一份资源。,,注意力浮现文案
3,operator-hidden-charge,运营商扣费,attentionHooks,6,survival-pressure,description,小额损失之所以刺痛，是因为你正在精确计算每一份资源。,,注意力说明
3,operator-hidden-charge,运营商扣费,attentionHooks,6,survival-pressure,type,tone,,注意力统计类型
3,operator-hidden-charge,运营商扣费,tags,1,small-money-let-it-go,label,只是 35 块，算了吧,,事件标注按钮主文案
3,operator-hidden-charge,运营商扣费,tags,1,small-money-let-it-go,description,把损失缩小成不值得追究的小事。,,事件标注说明
3,operator-hidden-charge,运营商扣费,tags,2,opaque-system-extraction,label,这是不透明系统的小额掠夺,,事件标注按钮主文案
3,operator-hidden-charge,运营商扣费,tags,2,opaque-system-extraction,description,把痛感指向规则不透明和解释权不对等。,,事件标注说明
3,operator-hidden-charge,运营商扣费,tags,3,tricked-again,label,我又被规则坑了,,事件标注按钮主文案
3,operator-hidden-charge,运营商扣费,tags,3,tricked-again,description,把扣费理解成自己再次被系统钻了空子。,,事件标注说明
3,operator-hidden-charge,运营商扣费,tags,4,body-pays-the-bill,label,让身体替损失买单,,事件标注按钮主文案
3,operator-hidden-charge,运营商扣费,tags,4,body-pays-the-bill,description,把外部损失转成对自己需求的压缩。,,事件标注说明
3,operator-hidden-charge,运营商扣费,behaviors,1,ignore-it,label,忍了,,行为回应按钮主文案
3,operator-hidden-charge,运营商扣费,behaviors,1,ignore-it,description,当作没发生，把这件事从今天里推开。,,行为回应说明
3,operator-hidden-charge,运营商扣费,behaviors,2,complain-to-operator,label,查账单并投诉,,行为回应按钮主文案
3,operator-hidden-charge,运营商扣费,behaviors,2,complain-to-operator,description,去查明扣费来源，联系客服要求解释。,,行为回应说明
3,operator-hidden-charge,运营商扣费,behaviors,3,ask-friends,label,发到群里问问,,行为回应按钮主文案
3,operator-hidden-charge,运营商扣费,behaviors,3,ask-friends,description,向朋友吐槽，确认是不是有人也遇到过。,,行为回应说明
3,operator-hidden-charge,运营商扣费,behaviors,4,skip-lunch,label,中午不吃了,,行为回应按钮主文案
3,operator-hidden-charge,运营商扣费,behaviors,4,skip-lunch,description,试图用节食抵消这笔莫名其妙的损失。,,行为回应说明
3,operator-hidden-charge,运营商扣费,attributions,1,too-poor,label,是我太穷了,,人格归因按钮主文案
3,operator-hidden-charge,运营商扣费,attributions,1,too-poor,description,把刺痛归因于自己资源太紧，连 35 元都放不下。,,人格归因说明
3,operator-hidden-charge,运营商扣费,attributions,2,system-is-opaque,label,扣费系统本来就不透明,,人格归因按钮主文案
3,operator-hidden-charge,运营商扣费,attributions,2,system-is-opaque,description,把问题放回规则和解释权，而不是责怪自己小题大做。,,人格归因说明
3,operator-hidden-charge,运营商扣费,attributions,3,solve-not-punish-self,label,要解决问题，不惩罚身体,,人格归因按钮主文案
3,operator-hidden-charge,运营商扣费,attributions,3,solve-not-punish-self,description,把经验沉淀为追查扣费，而不是压缩基本需求。,,人格归因说明
3,operator-hidden-charge,运营商扣费,attributions,4,turn-anger-into-action,label,把愤怒变成行动,,人格归因按钮主文案
3,operator-hidden-charge,运营商扣费,attributions,4,turn-anger-into-action,description,用查账单、投诉和记录夺回控制感。,,人格归因说明
4,armor-hole-trivia,板甲上的奇怪开口,event,,armor-hole-trivia,title,板甲上的奇怪开口,,事件标题
4,armor-hole-trivia,板甲上的奇怪开口,event,,armor-hole-trivia,theme,荒诞冷知识题,,可选主题字段
4,armor-hole-trivia,板甲上的奇怪开口,event,,armor-hole-trivia,text,你在一个群聊里看到别人发来一张中世纪板甲图，下前甲片上有个显眼的圆形开口。配文问：“这个洞的用途是什么？A. 透气 B. 展示雄风 C. 设计缺陷 D. 都行。”群里已经有人一本正经分析，也有人开始起哄。,,事件正文
4,armor-hole-trivia,板甲上的奇怪开口,event,,armor-hole-trivia,image,/images/events/armor-hole.png,,插图路径，通常不用改
4,armor-hole-trivia,板甲上的奇怪开口,firstReactions,1,is-this-history-or-bait,text,等一下，这题到底是在考历史，还是在钓大家开黄腔？,,第一反应选项，玩家可见
4,armor-hole-trivia,板甲上的奇怪开口,firstReactions,1,is-this-history-or-bait,tone,辨框,,内部倾向，可改但不会直接显示
4,armor-hole-trivia,板甲上的奇怪开口,firstReactions,2,actually-thinking-function,text,我第一反应居然真在想它的结构功能……,,第一反应选项，玩家可见
4,armor-hole-trivia,板甲上的奇怪开口,firstReactions,2,actually-thinking-function,tone,认真,,内部倾向，可改但不会直接显示
4,armor-hole-trivia,板甲上的奇怪开口,firstReactions,3,too-much-male-gaze,text,这也太像那种默认大家都要跟着笑的男凝玩笑了吧。,,第一反应选项，玩家可见
4,armor-hole-trivia,板甲上的奇怪开口,firstReactions,3,too-much-male-gaze,tone,反感,,内部倾向，可改但不会直接显示
4,armor-hole-trivia,板甲上的奇怪开口,firstReactions,4,watch-others-answer,text,我先看看别人会怎么答，这种题很容易暴露气氛。,,第一反应选项，玩家可见
4,armor-hole-trivia,板甲上的奇怪开口,firstReactions,4,watch-others-answer,tone,观察,,内部倾向，可改但不会直接显示
4,armor-hole-trivia,板甲上的奇怪开口,attentionHooks,1,knowledge-joke-mix,label,知识和玩笑混在一起,,注意力标题/标签
4,armor-hole-trivia,板甲上的奇怪开口,attentionHooks,1,knowledge-joke-mix,text,你注意到的不是洞本身，而是这道题故意把严肃知识和低级玩笑混在一起。,,注意力浮现文案
4,armor-hole-trivia,板甲上的奇怪开口,attentionHooks,1,knowledge-joke-mix,description,这道题把严肃冷知识和低级玩笑揉成了一团。,,注意力说明
4,armor-hole-trivia,板甲上的奇怪开口,attentionHooks,1,knowledge-joke-mix,type,mixed_frame,,注意力统计类型
4,armor-hole-trivia,板甲上的奇怪开口,attentionHooks,2,group-direction,label,群体会往哪边带,,注意力标题/标签
4,armor-hole-trivia,板甲上的奇怪开口,attentionHooks,2,group-direction,text,你开始在意：群体会把这件事往科普方向带，还是往起哄方向带。,,注意力浮现文案
4,armor-hole-trivia,板甲上的奇怪开口,attentionHooks,2,group-direction,description,重点变成群聊会把它当科普，还是当起哄入口。,,注意力说明
4,armor-hole-trivia,板甲上的奇怪开口,attentionHooks,2,group-direction,type,social_drift,,注意力统计类型
4,armor-hole-trivia,板甲上的奇怪开口,attentionHooks,3,design-authority-display,label,设计用途背后的展示欲,,注意力标题/标签
4,armor-hole-trivia,板甲上的奇怪开口,attentionHooks,3,design-authority-display,text,你盯住的是“设计用途”这个问题背后的权力和审美暗示。,,注意力浮现文案
4,armor-hole-trivia,板甲上的奇怪开口,attentionHooks,3,design-authority-display,description,“用途”这个问题里藏着权力、身体和审美的暗示。,,注意力说明
4,armor-hole-trivia,板甲上的奇怪开口,attentionHooks,3,design-authority-display,type,power_structure,,注意力统计类型
4,armor-hole-trivia,板甲上的奇怪开口,attentionHooks,4,standard-answer-anxiety,label,标准答案焦虑,,注意力标题/标签
4,armor-hole-trivia,板甲上的奇怪开口,attentionHooks,4,standard-answer-anxiety,text,你忍不住想问：这题到底有没有标准答案，还是在诱导大家选一个姿势。,,注意力浮现文案
4,armor-hole-trivia,板甲上的奇怪开口,attentionHooks,4,standard-answer-anxiety,description,题目看起来像选择题，但标准可能根本不稳定。,,注意力说明
4,armor-hole-trivia,板甲上的奇怪开口,attentionHooks,4,standard-answer-anxiety,type,unclear_rule,,注意力统计类型
4,armor-hole-trivia,板甲上的奇怪开口,attentionHooks,5,male-gaze-default,label,默认视角,,注意力标题/标签
4,armor-hole-trivia,板甲上的奇怪开口,attentionHooks,5,male-gaze-default,text,你其实在确认：这是无害玩笑，还是一种默认男性视角的展示。,,注意力浮现文案
4,armor-hole-trivia,板甲上的奇怪开口,attentionHooks,5,male-gaze-default,description,这个玩笑可能默认了某种男性视角和展示逻辑。,,注意力说明
4,armor-hole-trivia,板甲上的奇怪开口,attentionHooks,5,male-gaze-default,type,default_gaze,,注意力统计类型
4,armor-hole-trivia,板甲上的奇怪开口,attentionHooks,6,cheap-joke-resistance,label,对低级玩笑的反感,,注意力标题/标签
4,armor-hole-trivia,板甲上的奇怪开口,attentionHooks,6,cheap-joke-resistance,text,你不是不懂梗，只是有点烦这种把人往低级笑点里推的气氛。,,注意力浮现文案
4,armor-hole-trivia,板甲上的奇怪开口,attentionHooks,6,cheap-joke-resistance,description,你对“大家都懂”的暧昧起哄有一点本能不耐烦。,,注意力说明
4,armor-hole-trivia,板甲上的奇怪开口,attentionHooks,6,cheap-joke-resistance,type,joke_resistance,,注意力统计类型
4,armor-hole-trivia,板甲上的奇怪开口,tags,1,this-is-frame-bait,label,这题在钓大家怎么站队,,事件标注按钮主文案
4,armor-hole-trivia,板甲上的奇怪开口,tags,1,this-is-frame-bait,description,它表面问用途，实际在看你会往知识、玩笑还是起哄里走。,,事件标注说明
4,armor-hole-trivia,板甲上的奇怪开口,tags,2,i-want-real-answer,label,我想先知道它到底有没有正经答案,,事件标注按钮主文案
4,armor-hole-trivia,板甲上的奇怪开口,tags,2,i-want-real-answer,description,你更在意题目是否严谨，而不是先加入玩笑。,,事件标注说明
4,armor-hole-trivia,板甲上的奇怪开口,tags,3,cheap-joke-disguised-as-trivia,label,这是披着冷知识皮的低级玩笑,,事件标注按钮主文案
4,armor-hole-trivia,板甲上的奇怪开口,tags,3,cheap-joke-disguised-as-trivia,description,你把它理解成用历史外壳包装暧昧起哄。,,事件标注说明
4,armor-hole-trivia,板甲上的奇怪开口,tags,4,maybe-just-silly-fun,label,也许就是大家随便乐一下,,事件标注按钮主文案
4,armor-hole-trivia,板甲上的奇怪开口,tags,4,maybe-just-silly-fun,description,你先把它放在轻松荒诞的语境里，不急着定罪。,,事件标注说明
4,armor-hole-trivia,板甲上的奇怪开口,behaviors,1,look-up-before-answering,label,先查一下再说,,行为回应按钮主文案
4,armor-hole-trivia,板甲上的奇怪开口,behaviors,1,look-up-before-answering,description,你不急着选，先去确认它是不是有历史来源。,,行为回应说明
4,armor-hole-trivia,板甲上的奇怪开口,behaviors,2,drop-a-dry-joke,label,用干巴巴的冷笑话接住,,行为回应按钮主文案
4,armor-hole-trivia,板甲上的奇怪开口,behaviors,2,drop-a-dry-joke,description,你不完全扫兴，但也不把自己交给起哄。,,行为回应说明
4,armor-hole-trivia,板甲上的奇怪开口,behaviors,3,call-out-the-frame,label,直接指出这题在诱导起哄,,行为回应按钮主文案
4,armor-hole-trivia,板甲上的奇怪开口,behaviors,3,call-out-the-frame,description,你把玩笑背后的框架说出来，让群里别装没看见。,,行为回应说明
4,armor-hole-trivia,板甲上的奇怪开口,behaviors,4,stay-quiet-and-read-room,label,先不答，看群里怎么飘,,行为回应按钮主文案
4,armor-hole-trivia,板甲上的奇怪开口,behaviors,4,stay-quiet-and-read-room,description,你把这当成观察群体气氛的小窗口。,,行为回应说明
4,armor-hole-trivia,板甲上的奇怪开口,attributions,1,uncertain-info-needs-frame-reading,label,模糊信息要先读框架,,人格归因按钮主文案
4,armor-hole-trivia,板甲上的奇怪开口,attributions,1,uncertain-info-needs-frame-reading,description,以后遇到似是而非的梗，你会先看它在引导什么。,,人格归因说明
4,armor-hole-trivia,板甲上的奇怪开口,attributions,2,rigor-keeps-me-grounded,label,标准答案能帮我稳住场面,,人格归因按钮主文案
4,armor-hole-trivia,板甲上的奇怪开口,attributions,2,rigor-keeps-me-grounded,description,你把荒诞题转成查证、对齐和判断依据。,,人格归因说明
4,armor-hole-trivia,板甲上的奇怪开口,attributions,3,jokes-also-have-power,label,玩笑也有权力方向,,人格归因按钮主文案
4,armor-hole-trivia,板甲上的奇怪开口,attributions,3,jokes-also-have-power,description,你不再把所有起哄都当成无害气氛。,,人格归因说明
4,armor-hole-trivia,板甲上的奇怪开口,attributions,4,absurdity-can-be-made-into-material,label,荒诞也能变成素材,,人格归因按钮主文案
4,armor-hole-trivia,板甲上的奇怪开口,attributions,4,absurdity-can-be-made-into-material,description,你把这个怪题收进自己的素材库，准备以后写成段子或小作品。,,人格归因说明
5,friend-last-minute-cancel,朋友临时取消,event,,friend-last-minute-cancel,title,朋友临时取消,,事件标题
5,friend-last-minute-cancel,朋友临时取消,event,,friend-last-minute-cancel,text,你提前空出晚上，连路线都查好了。出门前半小时，朋友发来一句“今天有点累，下次吧”。你回了个“没事”，但手机放下后，房间突然安静得有点刺耳。,,事件正文
5,friend-last-minute-cancel,朋友临时取消,firstReactions,1,say-fine-but-sink,text,嘴上想回没事，心里已经沉下去了。,,第一反应选项，玩家可见
5,friend-last-minute-cancel,朋友临时取消,firstReactions,1,say-fine-but-sink,tone,受伤,,内部倾向，可改但不会直接显示
5,friend-last-minute-cancel,朋友临时取消,firstReactions,2,maybe-they-are-tired,text,也许对方真的累了，我先别把话说重。,,第一反应选项，玩家可见
5,friend-last-minute-cancel,朋友临时取消,firstReactions,2,maybe-they-are-tired,tone,体谅,,内部倾向，可改但不会直接显示
5,friend-last-minute-cancel,朋友临时取消,firstReactions,3,my-time-counts,text,可我也安排了时间啊，不能每次都这么轻。,,第一反应选项，玩家可见
5,friend-last-minute-cancel,朋友临时取消,firstReactions,3,my-time-counts,tone,边界,,内部倾向，可改但不会直接显示
5,friend-last-minute-cancel,朋友临时取消,firstReactions,4,pull-back-next-time,text,那我以后也别这么认真约了。,,第一反应选项，玩家可见
5,friend-last-minute-cancel,朋友临时取消,firstReactions,4,pull-back-next-time,tone,退后,,内部倾向，可改但不会直接显示
5,friend-last-minute-cancel,朋友临时取消,attentionHooks,1,late-tone,label,轻飘飘的语气,,注意力标题/标签
5,friend-last-minute-cancel,朋友临时取消,attentionHooks,1,late-tone,text,对方说得很轻，好像你的等待不需要被认真交代。,,注意力浮现文案
5,friend-last-minute-cancel,朋友临时取消,attentionHooks,1,late-tone,description,对方说得很轻，好像你的等待不需要被认真交代。,,注意力说明
5,friend-last-minute-cancel,朋友临时取消,attentionHooks,1,late-tone,type,tone,,注意力统计类型
5,friend-last-minute-cancel,朋友临时取消,attentionHooks,2,time-cost,label,时间成本,,注意力标题/标签
5,friend-last-minute-cancel,朋友临时取消,attentionHooks,2,time-cost,text,你为了这个约定重新安排了晚上的节奏。,,注意力浮现文案
5,friend-last-minute-cancel,朋友临时取消,attentionHooks,2,time-cost,description,你为了这个约定重新安排了晚上的节奏。,,注意力说明
5,friend-last-minute-cancel,朋友临时取消,attentionHooks,2,time-cost,type,responsibility,,注意力统计类型
5,friend-last-minute-cancel,朋友临时取消,attentionHooks,3,relationship-rank,label,关系排序,,注意力标题/标签
5,friend-last-minute-cancel,朋友临时取消,attentionHooks,3,relationship-rank,text,你开始怀疑自己是不是对这段关系投入得更多。,,注意力浮现文案
5,friend-last-minute-cancel,朋友临时取消,attentionHooks,3,relationship-rank,description,你开始怀疑自己是不是对这段关系投入得更多。,,注意力说明
5,friend-last-minute-cancel,朋友临时取消,attentionHooks,3,relationship-rank,type,relationship-change,,注意力统计类型
5,friend-last-minute-cancel,朋友临时取消,attentionHooks,4,other-tiredness,label,对方也许真的累,,注意力标题/标签
5,friend-last-minute-cancel,朋友临时取消,attentionHooks,4,other-tiredness,text,取消可能不是针对你，而是对方确实没力气社交。,,注意力浮现文案
5,friend-last-minute-cancel,朋友临时取消,attentionHooks,4,other-tiredness,description,取消可能不是针对你，而是对方确实没力气社交。,,注意力说明
5,friend-last-minute-cancel,朋友临时取消,attentionHooks,4,other-tiredness,type,other-motive,,注意力统计类型
5,friend-last-minute-cancel,朋友临时取消,attentionHooks,5,leftover-evening,label,突然空出来的晚上,,注意力标题/标签
5,friend-last-minute-cancel,朋友临时取消,attentionHooks,5,leftover-evening,text,这段时间可以被浪费，也可以被重新拿回来。,,注意力浮现文案
5,friend-last-minute-cancel,朋友临时取消,attentionHooks,5,leftover-evening,description,这段时间可以被浪费，也可以被重新拿回来。,,注意力说明
5,friend-last-minute-cancel,朋友临时取消,attentionHooks,5,leftover-evening,type,long-term-signal,,注意力统计类型
5,friend-last-minute-cancel,朋友临时取消,attentionHooks,6,unspoken-disappointment,label,没说出口的失望,,注意力标题/标签
5,friend-last-minute-cancel,朋友临时取消,attentionHooks,6,unspoken-disappointment,text,你说没事，但身体并不觉得真的没事。,,注意力浮现文案
5,friend-last-minute-cancel,朋友临时取消,attentionHooks,6,unspoken-disappointment,description,你说没事，但身体并不觉得真的没事。,,注意力说明
5,friend-last-minute-cancel,朋友临时取消,attentionHooks,6,unspoken-disappointment,type,tone,,注意力统计类型
5,friend-last-minute-cancel,朋友临时取消,tags,1,i-am-not-important,label,看来我没那么重要,,事件标注按钮主文案
5,friend-last-minute-cancel,朋友临时取消,tags,1,i-am-not-important,description,把临时取消理解成自己在关系里的位置不高。,,事件标注说明
5,friend-last-minute-cancel,朋友临时取消,tags,2,they-are-just-tired,label,也许对方真的撑不住了,,事件标注按钮主文案
5,friend-last-minute-cancel,朋友临时取消,tags,2,they-are-just-tired,description,先给对方留一个不是故意伤人的解释。,,事件标注说明
5,friend-last-minute-cancel,朋友临时取消,tags,3,my-time-was-not-respected,label,我的时间被随手放掉了,,事件标注按钮主文案
5,friend-last-minute-cancel,朋友临时取消,tags,3,my-time-was-not-respected,description,重点不是取消，而是你付出的安排没有被看见。,,事件标注说明
5,friend-last-minute-cancel,朋友临时取消,tags,4,i-should-not-expect,label,我不该期待太多,,事件标注按钮主文案
5,friend-last-minute-cancel,朋友临时取消,tags,4,i-should-not-expect,description,把失望收回自己身上，提醒自己以后别太认真。,,事件标注说明
5,friend-last-minute-cancel,朋友临时取消,behaviors,1,say-its-okay,label,继续回“没事”,,行为回应按钮主文案
5,friend-last-minute-cancel,朋友临时取消,behaviors,1,say-its-okay,description,把不舒服压下去，不让对方觉得你麻烦。,,行为回应说明
5,friend-last-minute-cancel,朋友临时取消,behaviors,2,name-disappointment,label,说出有点失望,,行为回应按钮主文案
5,friend-last-minute-cancel,朋友临时取消,behaviors,2,name-disappointment,description,平静告诉对方你已经安排好了时间。,,行为回应说明
5,friend-last-minute-cancel,朋友临时取消,behaviors,3,make-solo-plan,label,把晚上改成自己的计划,,行为回应按钮主文案
5,friend-last-minute-cancel,朋友临时取消,behaviors,3,make-solo-plan,description,出门吃点东西，或者做一件原本想做的小事。,,行为回应说明
5,friend-last-minute-cancel,朋友临时取消,behaviors,4,stop-initiating,label,以后少主动约,,行为回应按钮主文案
5,friend-last-minute-cancel,朋友临时取消,behaviors,4,stop-initiating,description,不吵，也不问，只在心里把距离放远一点。,,行为回应说明
5,friend-last-minute-cancel,朋友临时取消,attributions,1,i-need-clearer-boundaries,label,我需要更清楚地保护时间,,人格归因按钮主文案
5,friend-last-minute-cancel,朋友临时取消,attributions,1,i-need-clearer-boundaries,description,以后约定要更早确认，也允许自己表达成本。,,人格归因说明
5,friend-last-minute-cancel,朋友临时取消,attributions,2,maybe-i-am-too-needy,label,可能是我太需要被重视了,,人格归因按钮主文案
5,friend-last-minute-cancel,朋友临时取消,attributions,2,maybe-i-am-too-needy,description,把痛感归因于自己太在意关系回应。,,人格归因说明
5,friend-last-minute-cancel,朋友临时取消,attributions,3,relationships-need-reciprocity,label,关系应该有来有回,,人格归因按钮主文案
5,friend-last-minute-cancel,朋友临时取消,attributions,3,relationships-need-reciprocity,description,把这次当成观察双方投入是否对等的信号。,,人格归因说明
5,friend-last-minute-cancel,朋友临时取消,attributions,4,distance-keeps-me-safe,label,少期待就少受伤,,人格归因按钮主文案
5,friend-last-minute-cancel,朋友临时取消,attributions,4,distance-keeps-me-safe,description,以后降低暴露，减少把期待交到别人手里。,,人格归因说明
6,work-credit-taken,成果被轻轻拿走,event,,work-credit-taken,title,成果被轻轻拿走,,事件标题
6,work-credit-taken,成果被轻轻拿走,event,,work-credit-taken,text,你连续改了三版方案，终于把问题理顺。会议上，同事用一句“我们这边整理了一下”带过，然后把你的核心想法讲了出来。大家点头，主管夸他说得清楚。,,事件正文
6,work-credit-taken,成果被轻轻拿走,firstReactions,1,did-he-just-take-it,text,等一下，他是不是把我的东西讲成他的了？,,第一反应选项，玩家可见
6,work-credit-taken,成果被轻轻拿走,firstReactions,1,did-he-just-take-it,tone,警觉,,内部倾向，可改但不会直接显示
6,work-credit-taken,成果被轻轻拿走,firstReactions,2,should-have-left-traces,text,怪我没提前留痕，才会被一句话带过去。,,第一反应选项，玩家可见
6,work-credit-taken,成果被轻轻拿走,firstReactions,2,should-have-left-traces,tone,自责,,内部倾向，可改但不会直接显示
6,work-credit-taken,成果被轻轻拿走,firstReactions,3,say-it-now,text,不行，我得当场把来源补回来。,,第一反应选项，玩家可见
6,work-credit-taken,成果被轻轻拿走,firstReactions,3,say-it-now,tone,争取,,内部倾向，可改但不会直接显示
6,work-credit-taken,成果被轻轻拿走,firstReactions,4,watch-the-table,text,先看清这张桌上谁的话最有重量。,,第一反应选项，玩家可见
6,work-credit-taken,成果被轻轻拿走,firstReactions,4,watch-the-table,tone,观察,,内部倾向，可改但不会直接显示
6,work-credit-taken,成果被轻轻拿走,attentionHooks,1,credit-language,label,模糊的归属,,注意力标题/标签
6,work-credit-taken,成果被轻轻拿走,attentionHooks,1,credit-language,text,“我们这边”把具体劳动变成了一团雾。,,注意力浮现文案
6,work-credit-taken,成果被轻轻拿走,attentionHooks,1,credit-language,description,“我们这边”把具体劳动变成了一团雾。,,注意力说明
6,work-credit-taken,成果被轻轻拿走,attentionHooks,1,credit-language,type,tone,,注意力统计类型
6,work-credit-taken,成果被轻轻拿走,attentionHooks,2,meeting-power,label,会议权力关系,,注意力标题/标签
6,work-credit-taken,成果被轻轻拿走,attentionHooks,2,meeting-power,text,谁在会议里开口，谁就更容易拥有成果。,,注意力浮现文案
6,work-credit-taken,成果被轻轻拿走,attentionHooks,2,meeting-power,description,谁在会议里开口，谁就更容易拥有成果。,,注意力说明
6,work-credit-taken,成果被轻轻拿走,attentionHooks,2,meeting-power,type,power-relation,,注意力统计类型
6,work-credit-taken,成果被轻轻拿走,attentionHooks,3,proof-gap,label,证据缺口,,注意力标题/标签
6,work-credit-taken,成果被轻轻拿走,attentionHooks,3,proof-gap,text,你知道自己做了很多，但现场没有留下清晰记录。,,注意力浮现文案
6,work-credit-taken,成果被轻轻拿走,attentionHooks,3,proof-gap,description,你知道自己做了很多，但现场没有留下清晰记录。,,注意力说明
6,work-credit-taken,成果被轻轻拿走,attentionHooks,3,proof-gap,type,rule,,注意力统计类型
6,work-credit-taken,成果被轻轻拿走,attentionHooks,4,anger-signal,label,被冒领的火气,,注意力标题/标签
6,work-credit-taken,成果被轻轻拿走,attentionHooks,4,anger-signal,text,愤怒提醒你：这不是简单的表达顺序问题。,,注意力浮现文案
6,work-credit-taken,成果被轻轻拿走,attentionHooks,4,anger-signal,description,愤怒提醒你：这不是简单的表达顺序问题。,,注意力说明
6,work-credit-taken,成果被轻轻拿走,attentionHooks,4,anger-signal,type,hostility,,注意力统计类型
6,work-credit-taken,成果被轻轻拿走,attentionHooks,5,future-pattern,label,长期模式,,注意力标题/标签
6,work-credit-taken,成果被轻轻拿走,attentionHooks,5,future-pattern,text,如果这次不处理，下次可能还是同样的剧本。,,注意力浮现文案
6,work-credit-taken,成果被轻轻拿走,attentionHooks,5,future-pattern,description,如果这次不处理，下次可能还是同样的剧本。,,注意力说明
6,work-credit-taken,成果被轻轻拿走,attentionHooks,5,future-pattern,type,long-term-signal,,注意力统计类型
6,work-credit-taken,成果被轻轻拿走,attentionHooks,6,collaboration-possibility,label,合作余地,,注意力标题/标签
6,work-credit-taken,成果被轻轻拿走,attentionHooks,6,collaboration-possibility,text,也许还能把归属说清，而不是马上撕破脸。,,注意力浮现文案
6,work-credit-taken,成果被轻轻拿走,attentionHooks,6,collaboration-possibility,description,也许还能把归属说清，而不是马上撕破脸。,,注意力说明
6,work-credit-taken,成果被轻轻拿走,attentionHooks,6,collaboration-possibility,type,other-motive,,注意力统计类型
6,work-credit-taken,成果被轻轻拿走,tags,1,they-stole-my-work,label,他把我的东西拿走了,,事件标注按钮主文案
6,work-credit-taken,成果被轻轻拿走,tags,1,they-stole-my-work,description,把现场理解成劳动成果被别人占了位置。,,事件标注说明
6,work-credit-taken,成果被轻轻拿走,tags,2,i-did-not-mark-credit,label,是我没有提前标清楚,,事件标注按钮主文案
6,work-credit-taken,成果被轻轻拿走,tags,2,i-did-not-mark-credit,description,把问题归到自己没有留痕和声明边界。,,事件标注说明
6,work-credit-taken,成果被轻轻拿走,tags,3,workplace-rewards-speakers,label,这里奖励会抢话的人,,事件标注按钮主文案
6,work-credit-taken,成果被轻轻拿走,tags,3,workplace-rewards-speakers,description,看到环境更奖赏发言权，而不是真实贡献。,,事件标注说明
6,work-credit-taken,成果被轻轻拿走,tags,4,maybe-team-credit,label,也许他只是当成团队成果,,事件标注按钮主文案
6,work-credit-taken,成果被轻轻拿走,tags,4,maybe-team-credit,description,先保留对方不是恶意冒领的可能。,,事件标注说明
6,work-credit-taken,成果被轻轻拿走,behaviors,1,add-context-in-meeting,label,当场补一句来源,,行为回应按钮主文案
6,work-credit-taken,成果被轻轻拿走,behaviors,1,add-context-in-meeting,description,平静补充：这个版本是你前面三版里推出来的。,,行为回应说明
6,work-credit-taken,成果被轻轻拿走,behaviors,2,write-followup,label,会后发纪要留痕,,行为回应按钮主文案
6,work-credit-taken,成果被轻轻拿走,behaviors,2,write-followup,description,把方案脉络和自己的贡献写进邮件或文档。,,行为回应说明
6,work-credit-taken,成果被轻轻拿走,behaviors,3,swallow-credit,label,算了，别把场面弄僵,,行为回应按钮主文案
6,work-credit-taken,成果被轻轻拿走,behaviors,3,swallow-credit,description,忍下这口气，让会议继续往下走。,,行为回应说明
6,work-credit-taken,成果被轻轻拿走,behaviors,4,private-warning,label,私下提醒他别再这样,,行为回应按钮主文案
6,work-credit-taken,成果被轻轻拿走,behaviors,4,private-warning,description,会后直接说明这件事让你不舒服。,,行为回应说明
6,work-credit-taken,成果被轻轻拿走,attributions,1,document-my-work,label,以后我要让贡献有证据,,人格归因按钮主文案
6,work-credit-taken,成果被轻轻拿走,attributions,1,document-my-work,description,把经验沉淀为留痕、命名和提前同步。,,人格归因说明
6,work-credit-taken,成果被轻轻拿走,attributions,2,watch-power-flow,label,我要看清谁在拿走话语权,,人格归因按钮主文案
6,work-credit-taken,成果被轻轻拿走,attributions,2,watch-power-flow,description,把注意力放到会议结构和权力流向上。,,人格归因说明
6,work-credit-taken,成果被轻轻拿走,attributions,3,fight-for-credit,label,该争的时候不能再让,,人格归因按钮主文案
6,work-credit-taken,成果被轻轻拿走,attributions,3,fight-for-credit,description,把受伤转成明确夺回归属的冲动。,,人格归因说明
6,work-credit-taken,成果被轻轻拿走,attributions,4,make-better-system,label,我要把协作流程做清楚,,人格归因按钮主文案
6,work-credit-taken,成果被轻轻拿走,attributions,4,make-better-system,description,不只保护自己，也让团队分工更透明。,,人格归因说明
7,interview-vague-rejection,面试里的模糊否定,event,,interview-vague-rejection,title,面试里的模糊否定,,事件标题
7,interview-vague-rejection,面试里的模糊否定,event,,interview-vague-rejection,text,面试官听完你的经历，笑着说“整体还可以，但我们可能需要更匹配的人”。你问哪里不匹配，对方只说“综合感觉吧”。走出楼下大门时，你突然开始怀疑自己是不是哪里都不够。,,事件正文
7,interview-vague-rejection,面试里的模糊否定,firstReactions,1,what-is-not-matching,text,“不匹配”到底是什么意思？这话像雾一样。,,第一反应选项，玩家可见
7,interview-vague-rejection,面试里的模糊否定,firstReactions,1,what-is-not-matching,tone,追问,,内部倾向，可改但不会直接显示
7,interview-vague-rejection,面试里的模糊否定,firstReactions,2,maybe-i-am-not-enough,text,是不是我整个人都不够好。,,第一反应选项，玩家可见
7,interview-vague-rejection,面试里的模糊否定,firstReactions,2,maybe-i-am-not-enough,tone,自疑,,内部倾向，可改但不会直接显示
7,interview-vague-rejection,面试里的模糊否定,firstReactions,3,they-hold-the-door,text,门在他们手里，我只能猜他们为什么不让我进。,,第一反应选项，玩家可见
7,interview-vague-rejection,面试里的模糊否定,firstReactions,3,they-hold-the-door,tone,权力,,内部倾向，可改但不会直接显示
7,interview-vague-rejection,面试里的模糊否定,firstReactions,4,take-notes-later,text,先记下来，回去把这场面试拆开看。,,第一反应选项，玩家可见
7,interview-vague-rejection,面试里的模糊否定,firstReactions,4,take-notes-later,tone,复盘,,内部倾向，可改但不会直接显示
7,interview-vague-rejection,面试里的模糊否定,attentionHooks,1,polite-vagueness,label,礼貌的模糊,,注意力标题/标签
7,interview-vague-rejection,面试里的模糊否定,attentionHooks,1,polite-vagueness,text,对方没有攻击你，但也没有给出可修正的信息。,,注意力浮现文案
7,interview-vague-rejection,面试里的模糊否定,attentionHooks,1,polite-vagueness,description,对方没有攻击你，但也没有给出可修正的信息。,,注意力说明
7,interview-vague-rejection,面试里的模糊否定,attentionHooks,1,polite-vagueness,type,tone,,注意力统计类型
7,interview-vague-rejection,面试里的模糊否定,attentionHooks,2,criteria-missing,label,标准缺失,,注意力标题/标签
7,interview-vague-rejection,面试里的模糊否定,attentionHooks,2,criteria-missing,text,你不知道“不匹配”到底指能力、气质还是预算。,,注意力浮现文案
7,interview-vague-rejection,面试里的模糊否定,attentionHooks,2,criteria-missing,description,你不知道“不匹配”到底指能力、气质还是预算。,,注意力说明
7,interview-vague-rejection,面试里的模糊否定,attentionHooks,2,criteria-missing,type,rule,,注意力统计类型
7,interview-vague-rejection,面试里的模糊否定,attentionHooks,3,gatekeeping,label,筛选权力,,注意力标题/标签
7,interview-vague-rejection,面试里的模糊否定,attentionHooks,3,gatekeeping,text,对方掌握评价权，你只能从一句话里猜答案。,,注意力浮现文案
7,interview-vague-rejection,面试里的模糊否定,attentionHooks,3,gatekeeping,description,对方掌握评价权，你只能从一句话里猜答案。,,注意力说明
7,interview-vague-rejection,面试里的模糊否定,attentionHooks,3,gatekeeping,type,power-relation,,注意力统计类型
7,interview-vague-rejection,面试里的模糊否定,attentionHooks,4,self-doubt,label,自我怀疑,,注意力标题/标签
7,interview-vague-rejection,面试里的模糊否定,attentionHooks,4,self-doubt,text,模糊反馈很容易扩散成对整个人的否定。,,注意力浮现文案
7,interview-vague-rejection,面试里的模糊否定,attentionHooks,4,self-doubt,description,模糊反馈很容易扩散成对整个人的否定。,,注意力说明
7,interview-vague-rejection,面试里的模糊否定,attentionHooks,4,self-doubt,type,vulnerability,,注意力统计类型
7,interview-vague-rejection,面试里的模糊否定,attentionHooks,5,learning-signal,label,可追问的信息,,注意力标题/标签
7,interview-vague-rejection,面试里的模糊否定,attentionHooks,5,learning-signal,text,即使对方不给标准，你也可以整理自己的复盘问题。,,注意力浮现文案
7,interview-vague-rejection,面试里的模糊否定,attentionHooks,5,learning-signal,description,即使对方不给标准，你也可以整理自己的复盘问题。,,注意力说明
7,interview-vague-rejection,面试里的模糊否定,attentionHooks,5,learning-signal,type,process,,注意力统计类型
7,interview-vague-rejection,面试里的模糊否定,attentionHooks,6,hidden-hostility,label,被轻轻挡回去,,注意力标题/标签
7,interview-vague-rejection,面试里的模糊否定,attentionHooks,6,hidden-hostility,text,温和措辞背后仍然有一种被关在门外的感觉。,,注意力浮现文案
7,interview-vague-rejection,面试里的模糊否定,attentionHooks,6,hidden-hostility,description,温和措辞背后仍然有一种被关在门外的感觉。,,注意力说明
7,interview-vague-rejection,面试里的模糊否定,attentionHooks,6,hidden-hostility,type,attack-signal,,注意力统计类型
7,interview-vague-rejection,面试里的模糊否定,tags,1,i-am-not-good-enough,label,可能我真的不够好,,事件标注按钮主文案
7,interview-vague-rejection,面试里的模糊否定,tags,1,i-am-not-good-enough,description,把模糊否定扩展成对能力和价值的怀疑。,,事件标注说明
7,interview-vague-rejection,面试里的模糊否定,tags,2,they-did-not-give-criteria,label,他们根本没给标准,,事件标注按钮主文案
7,interview-vague-rejection,面试里的模糊否定,tags,2,they-did-not-give-criteria,description,把焦点放回不透明的筛选和反馈方式。,,事件标注说明
7,interview-vague-rejection,面试里的模糊否定,tags,3,this-job-not-fit,label,也许只是这份工作不合适,,事件标注按钮主文案
7,interview-vague-rejection,面试里的模糊否定,tags,3,this-job-not-fit,description,把结果看成匹配失败，而不是人格失败。,,事件标注说明
7,interview-vague-rejection,面试里的模糊否定,tags,4,they-looked-down-on-me,label,他们是不是看不上我,,事件标注按钮主文案
7,interview-vague-rejection,面试里的模糊否定,tags,4,they-looked-down-on-me,description,把礼貌话听成被压低和被筛掉的信号。,,事件标注说明
7,interview-vague-rejection,面试里的模糊否定,behaviors,1,ask-specific-feedback,label,追问一个具体标准,,行为回应按钮主文案
7,interview-vague-rejection,面试里的模糊否定,behaviors,1,ask-specific-feedback,description,礼貌请求对方说出最主要的不匹配点。,,行为回应说明
7,interview-vague-rejection,面试里的模糊否定,behaviors,2,go-home-collapse,label,回家躺着怀疑人生,,行为回应按钮主文案
7,interview-vague-rejection,面试里的模糊否定,behaviors,2,go-home-collapse,description,什么也不做，任由那句话在脑子里反复播放。,,行为回应说明
7,interview-vague-rejection,面试里的模糊否定,behaviors,3,rewrite-interview-notes,label,整理面试复盘,,行为回应按钮主文案
7,interview-vague-rejection,面试里的模糊否定,behaviors,3,rewrite-interview-notes,description,把问题、回答和卡住的地方写下来。,,行为回应说明
7,interview-vague-rejection,面试里的模糊否定,behaviors,4,apply-next-one,label,投下一家,,行为回应按钮主文案
7,interview-vague-rejection,面试里的模糊否定,behaviors,4,apply-next-one,description,不让一次模糊否定结束今天的行动。,,行为回应说明
7,interview-vague-rejection,面试里的模糊否定,attributions,1,feedback-system-is-vague,label,这类反馈本来就很省事,,人格归因按钮主文案
7,interview-vague-rejection,面试里的模糊否定,attributions,1,feedback-system-is-vague,description,不是所有拒绝都值得你替它补全理由。,,人格归因说明
7,interview-vague-rejection,面试里的模糊否定,attributions,2,i-need-better-stories,label,我要把经历讲得更有抓手,,人格归因按钮主文案
7,interview-vague-rejection,面试里的模糊否定,attributions,2,i-need-better-stories,description,把模糊挫败转成下一版表达结构。,,人格归因说明
7,interview-vague-rejection,面试里的模糊否定,attributions,3,maybe-i-am-too-ordinary,label,可能我确实太普通了,,人格归因按钮主文案
7,interview-vague-rejection,面试里的模糊否定,attributions,3,maybe-i-am-too-ordinary,description,把结果收回自己身上，降低下一次期待。,,人格归因说明
7,interview-vague-rejection,面试里的模糊否定,attributions,4,protect-from-vague-judgment,label,我要少被模糊评价牵着走,,人格归因按钮主文案
7,interview-vague-rejection,面试里的模糊否定,attributions,4,protect-from-vague-judgment,description,把这次当成练习边界的提醒。,,人格归因说明
8,family-caring-denial,关心口吻里的否定,event,,family-caring-denial,title,关心口吻里的否定,,事件标题
8,family-caring-denial,关心口吻里的否定,event,,family-caring-denial,text,你说想换个方向试试，家人立刻说：“我们也是为你好，你别太理想化，稳定一点不好吗？”这句话听起来像关心，但你突然不知道该怎么继续解释自己的渴望。,,事件正文
8,family-caring-denial,关心口吻里的否定,firstReactions,1,care-feels-like-cage,text,他们说为我好，但我怎么觉得自己被关小了。,,第一反应选项，玩家可见
8,family-caring-denial,关心口吻里的否定,firstReactions,1,care-feels-like-cage,tone,压低,,内部倾向，可改但不会直接显示
8,family-caring-denial,关心口吻里的否定,firstReactions,2,they-are-worried,text,也许他们真的只是怕我以后吃苦。,,第一反应选项，玩家可见
8,family-caring-denial,关心口吻里的否定,firstReactions,2,they-are-worried,tone,体谅,,内部倾向，可改但不会直接显示
8,family-caring-denial,关心口吻里的否定,firstReactions,3,my-plan-needs-shape,text,如果我说不清计划，他们就会替我想象最坏结果。,,第一反应选项，玩家可见
8,family-caring-denial,关心口吻里的否定,firstReactions,3,my-plan-needs-shape,tone,整理,,内部倾向，可改但不会直接显示
8,family-caring-denial,关心口吻里的否定,firstReactions,4,dont-tell-them-next-time,text,算了，下次这种事先别告诉家里。,,第一反应选项，玩家可见
8,family-caring-denial,关心口吻里的否定,firstReactions,4,dont-tell-them-next-time,tone,收起,,内部倾向，可改但不会直接显示
8,family-caring-denial,关心口吻里的否定,attentionHooks,1,soft-control,label,柔软的控制,,注意力标题/标签
8,family-caring-denial,关心口吻里的否定,attentionHooks,1,soft-control,text,话是为你好，效果却是把你的选择压回去。,,注意力浮现文案
8,family-caring-denial,关心口吻里的否定,attentionHooks,1,soft-control,description,话是为你好，效果却是把你的选择压回去。,,注意力说明
8,family-caring-denial,关心口吻里的否定,attentionHooks,1,soft-control,type,tone,,注意力统计类型
8,family-caring-denial,关心口吻里的否定,attentionHooks,2,family-risk-frame,label,风险框架,,注意力标题/标签
8,family-caring-denial,关心口吻里的否定,attentionHooks,2,family-risk-frame,text,对方首先看到的是不稳定，而不是你的期待。,,注意力浮现文案
8,family-caring-denial,关心口吻里的否定,attentionHooks,2,family-risk-frame,description,对方首先看到的是不稳定，而不是你的期待。,,注意力说明
8,family-caring-denial,关心口吻里的否定,attentionHooks,2,family-risk-frame,type,structure,,注意力统计类型
8,family-caring-denial,关心口吻里的否定,attentionHooks,3,care-motive,label,对方的担心,,注意力标题/标签
8,family-caring-denial,关心口吻里的否定,attentionHooks,3,care-motive,text,他们可能真的害怕你受苦，只是不知道怎么支持。,,注意力浮现文案
8,family-caring-denial,关心口吻里的否定,attentionHooks,3,care-motive,description,他们可能真的害怕你受苦，只是不知道怎么支持。,,注意力说明
8,family-caring-denial,关心口吻里的否定,attentionHooks,3,care-motive,type,other-motive,,注意力统计类型
8,family-caring-denial,关心口吻里的否定,attentionHooks,4,need-erasure,label,需求被抹掉,,注意力标题/标签
8,family-caring-denial,关心口吻里的否定,attentionHooks,4,need-erasure,text,你的想尝试被翻译成不成熟和不现实。,,注意力浮现文案
8,family-caring-denial,关心口吻里的否定,attentionHooks,4,need-erasure,description,你的想尝试被翻译成不成熟和不现实。,,注意力说明
8,family-caring-denial,关心口吻里的否定,attentionHooks,4,need-erasure,type,hidden-belittling,,注意力统计类型
8,family-caring-denial,关心口吻里的否定,attentionHooks,5,old-family-script,label,熟悉的家庭脚本,,注意力标题/标签
8,family-caring-denial,关心口吻里的否定,attentionHooks,5,old-family-script,text,类似的话可能不止出现过一次。,,注意力浮现文案
8,family-caring-denial,关心口吻里的否定,attentionHooks,5,old-family-script,description,类似的话可能不止出现过一次。,,注意力说明
8,family-caring-denial,关心口吻里的否定,attentionHooks,5,old-family-script,type,long-term-signal,,注意力统计类型
8,family-caring-denial,关心口吻里的否定,attentionHooks,6,argument-risk,label,争执风险,,注意力标题/标签
8,family-caring-denial,关心口吻里的否定,attentionHooks,6,argument-risk,text,继续说下去，可能很快变成谁更懂生活。,,注意力浮现文案
8,family-caring-denial,关心口吻里的否定,attentionHooks,6,argument-risk,description,继续说下去，可能很快变成谁更懂生活。,,注意力说明
8,family-caring-denial,关心口吻里的否定,attentionHooks,6,argument-risk,type,hostility,,注意力统计类型
8,family-caring-denial,关心口吻里的否定,tags,1,they-dont-believe-me,label,他们其实不相信我,,事件标注按钮主文案
8,family-caring-denial,关心口吻里的否定,tags,1,they-dont-believe-me,description,把关心听成不信任和能力否定。,,事件标注说明
8,family-caring-denial,关心口吻里的否定,tags,2,they-are-afraid,label,他们只是害怕我吃亏,,事件标注按钮主文案
8,family-caring-denial,关心口吻里的否定,tags,2,they-are-afraid,description,先看见对方的焦虑，而不是只看见控制。,,事件标注说明
8,family-caring-denial,关心口吻里的否定,tags,3,my-want-is-being-shrunk,label,我的想要被缩小了,,事件标注按钮主文案
8,family-caring-denial,关心口吻里的否定,tags,3,my-want-is-being-shrunk,description,重点是你的渴望被迅速贴上不现实标签。,,事件标注说明
8,family-caring-denial,关心口吻里的否定,tags,4,maybe-i-am-naive,label,也许我真的太天真,,事件标注按钮主文案
8,family-caring-denial,关心口吻里的否定,tags,4,maybe-i-am-naive,description,把对方的担心接进身体里，开始怀疑自己。,,事件标注说明
8,family-caring-denial,关心口吻里的否定,behaviors,1,explain-more,label,继续解释计划,,行为回应按钮主文案
8,family-caring-denial,关心口吻里的否定,behaviors,1,explain-more,description,把你为什么想换方向、准备怎么做讲得更具体。,,行为回应说明
8,family-caring-denial,关心口吻里的否定,behaviors,2,stop-sharing,label,以后先不说了,,行为回应按钮主文案
8,family-caring-denial,关心口吻里的否定,behaviors,2,stop-sharing,description,把这部分愿望从家庭谈话里收起来。,,行为回应说明
8,family-caring-denial,关心口吻里的否定,behaviors,3,ask-for-listening,label,请他们先听完,,行为回应按钮主文案
8,family-caring-denial,关心口吻里的否定,behaviors,3,ask-for-listening,description,告诉他们你现在需要的是被听见，不是马上被纠正。,,行为回应说明
8,family-caring-denial,关心口吻里的否定,behaviors,4,agree-to-end,label,点头说你们说得对,,行为回应按钮主文案
8,family-caring-denial,关心口吻里的否定,behaviors,4,agree-to-end,description,先结束这场对话，让气氛不要继续紧。,,行为回应说明
8,family-caring-denial,关心口吻里的否定,attributions,1,care-can-still-hurt,label,关心也可能让人变小,,人格归因按钮主文案
8,family-caring-denial,关心口吻里的否定,attributions,1,care-can-still-hurt,description,把这次理解成善意和压制可以同时存在。,,人格归因说明
8,family-caring-denial,关心口吻里的否定,attributions,2,make-plan-visible,label,我要把计划做得更可见,,人格归因按钮主文案
8,family-caring-denial,关心口吻里的否定,attributions,2,make-plan-visible,description,用具体步骤减少别人替你想象风险的空间。,,人格归因说明
8,family-caring-denial,关心口吻里的否定,attributions,3,maybe-i-should-be-good,label,也许听话会轻松一点,,人格归因按钮主文案
8,family-caring-denial,关心口吻里的否定,attributions,3,maybe-i-should-be-good,description,把安全感放回被认可和不制造担心里。,,人格归因说明
8,family-caring-denial,关心口吻里的否定,attributions,4,keep-dream-private,label,有些愿望先自己养着,,人格归因按钮主文案
8,family-caring-denial,关心口吻里的否定,attributions,4,keep-dream-private,description,不急着争取理解，先保护还没长稳的东西。,,人格归因说明
9,group-joke-belittle,群聊里的玩笑贬低,event,,group-joke-belittle,title,群聊里的玩笑贬低,,事件标题
9,group-joke-belittle,群聊里的玩笑贬低,event,,group-joke-belittle,text,群里有人把你的认真回复截图出来，配了一句“学霸又开始写小作文了”。大家发了几个哈哈哈。你也跟着发了个笑脸，但心里像被什么轻轻划了一下。,,事件正文
9,group-joke-belittle,群聊里的玩笑贬低,firstReactions,1,laugh-but-hurt,text,我也想跟着笑，但心里其实被戳了一下。,,第一反应选项，玩家可见
9,group-joke-belittle,群聊里的玩笑贬低,firstReactions,1,laugh-but-hurt,tone,受伤,,内部倾向，可改但不会直接显示
9,group-joke-belittle,群聊里的玩笑贬低,firstReactions,2,this-is-not-funny,text,这不是好笑，是把我的认真拿出来玩。,,第一反应选项，玩家可见
9,group-joke-belittle,群聊里的玩笑贬低,firstReactions,2,this-is-not-funny,tone,冒犯,,内部倾向，可改但不会直接显示
9,group-joke-belittle,群聊里的玩笑贬低,firstReactions,3,group-is-testing-rank,text,群里这几声哈哈，好像在给我排位置。,,第一反应选项，玩家可见
9,group-joke-belittle,群聊里的玩笑贬低,firstReactions,3,group-is-testing-rank,tone,位置,,内部倾向，可改但不会直接显示
9,group-joke-belittle,群聊里的玩笑贬低,firstReactions,4,mute-it,text,先不回了，把这个群关小一点。,,第一反应选项，玩家可见
9,group-joke-belittle,群聊里的玩笑贬低,firstReactions,4,mute-it,tone,退后,,内部倾向，可改但不会直接显示
9,group-joke-belittle,群聊里的玩笑贬低,attentionHooks,1,joke-tone,label,玩笑语气,,注意力标题/标签
9,group-joke-belittle,群聊里的玩笑贬低,attentionHooks,1,joke-tone,text,它被包装成玩笑，所以你很难说自己被伤到了。,,注意力浮现文案
9,group-joke-belittle,群聊里的玩笑贬低,attentionHooks,1,joke-tone,description,它被包装成玩笑，所以你很难说自己被伤到了。,,注意力说明
9,group-joke-belittle,群聊里的玩笑贬低,attentionHooks,1,joke-tone,type,tone,,注意力统计类型
9,group-joke-belittle,群聊里的玩笑贬低,attentionHooks,2,group-laughter,label,集体笑声,,注意力标题/标签
9,group-joke-belittle,群聊里的玩笑贬低,attentionHooks,2,group-laughter,text,几个哈哈哈让你感觉自己被摆在了中间。,,注意力浮现文案
9,group-joke-belittle,群聊里的玩笑贬低,attentionHooks,2,group-laughter,description,几个哈哈哈让你感觉自己被摆在了中间。,,注意力说明
9,group-joke-belittle,群聊里的玩笑贬低,attentionHooks,2,group-laughter,type,relationship-change,,注意力统计类型
9,group-joke-belittle,群聊里的玩笑贬低,attentionHooks,3,seriousness-policed,label,认真被惩罚,,注意力标题/标签
9,group-joke-belittle,群聊里的玩笑贬低,attentionHooks,3,seriousness-policed,text,认真表达反而变成了可以调侃的对象。,,注意力浮现文案
9,group-joke-belittle,群聊里的玩笑贬低,attentionHooks,3,seriousness-policed,description,认真表达反而变成了可以调侃的对象。,,注意力说明
9,group-joke-belittle,群聊里的玩笑贬低,attentionHooks,3,seriousness-policed,type,structure,,注意力统计类型
9,group-joke-belittle,群聊里的玩笑贬低,attentionHooks,4,social-cost,label,反驳的社交成本,,注意力标题/标签
9,group-joke-belittle,群聊里的玩笑贬低,attentionHooks,4,social-cost,text,一旦你说不舒服，别人可能说你开不起玩笑。,,注意力浮现文案
9,group-joke-belittle,群聊里的玩笑贬低,attentionHooks,4,social-cost,description,一旦你说不舒服，别人可能说你开不起玩笑。,,注意力说明
9,group-joke-belittle,群聊里的玩笑贬低,attentionHooks,4,social-cost,type,process,,注意力统计类型
9,group-joke-belittle,群聊里的玩笑贬低,attentionHooks,5,attack-in-joke,label,藏在玩笑里的攻击,,注意力标题/标签
9,group-joke-belittle,群聊里的玩笑贬低,attentionHooks,5,attack-in-joke,text,轻松语气下面有一点把你压低的快感。,,注意力浮现文案
9,group-joke-belittle,群聊里的玩笑贬低,attentionHooks,5,attack-in-joke,description,轻松语气下面有一点把你压低的快感。,,注意力说明
9,group-joke-belittle,群聊里的玩笑贬低,attentionHooks,5,attack-in-joke,type,hostility,,注意力统计类型
9,group-joke-belittle,群聊里的玩笑贬低,attentionHooks,6,belonging-need,label,想继续被群体接纳,,注意力标题/标签
9,group-joke-belittle,群聊里的玩笑贬低,attentionHooks,6,belonging-need,text,你也发笑脸，是因为不想突然站到群体外面。,,注意力浮现文案
9,group-joke-belittle,群聊里的玩笑贬低,attentionHooks,6,belonging-need,description,你也发笑脸，是因为不想突然站到群体外面。,,注意力说明
9,group-joke-belittle,群聊里的玩笑贬低,attentionHooks,6,belonging-need,type,vulnerability,,注意力统计类型
9,group-joke-belittle,群聊里的玩笑贬低,tags,1,they-are-laughing-at-me,label,他们是在笑我,,事件标注按钮主文案
9,group-joke-belittle,群聊里的玩笑贬低,tags,1,they-are-laughing-at-me,description,把玩笑理解成群体对你的轻微围观。,,事件标注说明
9,group-joke-belittle,群聊里的玩笑贬低,tags,2,maybe-just-joke,label,也许只是玩笑，别扫兴,,事件标注按钮主文案
9,group-joke-belittle,群聊里的玩笑贬低,tags,2,maybe-just-joke,description,把痛感压下去，提醒自己不要太认真。,,事件标注说明
9,group-joke-belittle,群聊里的玩笑贬低,tags,3,seriousness-has-no-place,label,这里不欢迎认真,,事件标注按钮主文案
9,group-joke-belittle,群聊里的玩笑贬低,tags,3,seriousness-has-no-place,description,看到群体氛围在奖励轻佻和调侃。,,事件标注说明
9,group-joke-belittle,群聊里的玩笑贬低,tags,4,i-want-to-hit-back,label,我想怼回去,,事件标注按钮主文案
9,group-joke-belittle,群聊里的玩笑贬低,tags,4,i-want-to-hit-back,description,受伤迅速转成想让对方也尴尬一下。,,事件标注说明
9,group-joke-belittle,群聊里的玩笑贬低,behaviors,1,laugh-with-them,label,跟着发哈哈哈,,行为回应按钮主文案
9,group-joke-belittle,群聊里的玩笑贬低,behaviors,1,laugh-with-them,description,把自己也放进玩笑里，假装没被刺到。,,行为回应说明
9,group-joke-belittle,群聊里的玩笑贬低,behaviors,2,set-soft-boundary,label,轻轻说别这样截图我,,行为回应按钮主文案
9,group-joke-belittle,群聊里的玩笑贬低,behaviors,2,set-soft-boundary,description,用不太激烈的方式告诉对方边界。,,行为回应说明
9,group-joke-belittle,群聊里的玩笑贬低,behaviors,3,snap-back,label,当场怼回去,,行为回应按钮主文案
9,group-joke-belittle,群聊里的玩笑贬低,behaviors,3,snap-back,description,用一句更尖的话把场面顶回去。,,行为回应说明
9,group-joke-belittle,群聊里的玩笑贬低,behaviors,4,mute-group,label,默默把群免打扰,,行为回应按钮主文案
9,group-joke-belittle,群聊里的玩笑贬低,behaviors,4,mute-group,description,不解释，先把这类声音从今天里关小。,,行为回应说明
9,group-joke-belittle,群聊里的玩笑贬低,attributions,1,jokes-show-rank,label,玩笑会暴露关系里的位置,,人格归因按钮主文案
9,group-joke-belittle,群聊里的玩笑贬低,attributions,1,jokes-show-rank,description,把调侃当成观察群体边界的线索。,,人格归因说明
9,group-joke-belittle,群聊里的玩笑贬低,attributions,2,protect-seriousness,label,我的认真值得被保护,,人格归因按钮主文案
9,group-joke-belittle,群聊里的玩笑贬低,attributions,2,protect-seriousness,description,不因为别人调侃，就把表达能力收起来。,,人格归因说明
9,group-joke-belittle,群聊里的玩笑贬低,attributions,3,i-should-be-easier,label,也许我该显得更好玩一点,,人格归因按钮主文案
9,group-joke-belittle,群聊里的玩笑贬低,attributions,3,i-should-be-easier,description,把被调侃归因于自己不够松弛、不够合群。,,人格归因说明
9,group-joke-belittle,群聊里的玩笑贬低,attributions,4,strike-when-belittled,label,被压低时就要还回去,,人格归因按钮主文案
9,group-joke-belittle,群聊里的玩笑贬低,attributions,4,strike-when-belittled,description,把受伤沉淀成更快反击的准备。,,人格归因说明
10,opaque-rule-extra-work,规则不透明后的背锅,event,,opaque-rule-extra-work,title,规则不透明后的背锅,,事件标题
10,opaque-rule-extra-work,规则不透明后的背锅,event,,opaque-rule-extra-work,text,你按群公告提交了材料，结果负责人说格式不对，要你今天下班前全部重填。你翻回公告，发现要求写得很含糊。对方只说：“大家都这么交的，你再配合一下。”,,事件正文
10,opaque-rule-extra-work,规则不透明后的背锅,firstReactions,1,did-i-miss-it,text,是不是我没看仔细，才又要重填。,,第一反应选项，玩家可见
10,opaque-rule-extra-work,规则不透明后的背锅,firstReactions,1,did-i-miss-it,tone,自责,,内部倾向，可改但不会直接显示
10,opaque-rule-extra-work,规则不透明后的背锅,firstReactions,2,rule-is-bad,text,这不是我没配合，是要求一开始就没写清。,,第一反应选项，玩家可见
10,opaque-rule-extra-work,规则不透明后的背锅,firstReactions,2,rule-is-bad,tone,规则,,内部倾向，可改但不会直接显示
10,opaque-rule-extra-work,规则不透明后的背锅,firstReactions,3,cost-is-being-dumped,text,他们把流程漏洞的成本甩到我身上了。,,第一反应选项，玩家可见
10,opaque-rule-extra-work,规则不透明后的背锅,firstReactions,3,cost-is-being-dumped,tone,背锅,,内部倾向，可改但不会直接显示
10,opaque-rule-extra-work,规则不透明后的背锅,firstReactions,4,make-checklist-now,text,先别被气拖走，我要把正确格式问清楚。,,第一反应选项，玩家可见
10,opaque-rule-extra-work,规则不透明后的背锅,firstReactions,4,make-checklist-now,tone,整理,,内部倾向，可改但不会直接显示
10,opaque-rule-extra-work,规则不透明后的背锅,attentionHooks,1,unclear-rule,label,规则没写清,,注意力标题/标签
10,opaque-rule-extra-work,规则不透明后的背锅,attentionHooks,1,unclear-rule,text,问题不是你没看，而是规则本来就不够可执行。,,注意力浮现文案
10,opaque-rule-extra-work,规则不透明后的背锅,attentionHooks,1,unclear-rule,description,问题不是你没看，而是规则本来就不够可执行。,,注意力说明
10,opaque-rule-extra-work,规则不透明后的背锅,attentionHooks,1,unclear-rule,type,rule,,注意力统计类型
10,opaque-rule-extra-work,规则不透明后的背锅,attentionHooks,2,responsibility-shift,label,责任被转嫁,,注意力标题/标签
10,opaque-rule-extra-work,规则不透明后的背锅,attentionHooks,2,responsibility-shift,text,含糊规则的成本最后落到了你身上。,,注意力浮现文案
10,opaque-rule-extra-work,规则不透明后的背锅,attentionHooks,2,responsibility-shift,description,含糊规则的成本最后落到了你身上。,,注意力说明
10,opaque-rule-extra-work,规则不透明后的背锅,attentionHooks,2,responsibility-shift,type,responsibility,,注意力统计类型
10,opaque-rule-extra-work,规则不透明后的背锅,attentionHooks,3,compliance-tone,label,配合一下,,注意力标题/标签
10,opaque-rule-extra-work,规则不透明后的背锅,attentionHooks,3,compliance-tone,text,这句话把额外劳动说得很轻。,,注意力浮现文案
10,opaque-rule-extra-work,规则不透明后的背锅,attentionHooks,3,compliance-tone,description,这句话把额外劳动说得很轻。,,注意力说明
10,opaque-rule-extra-work,规则不透明后的背锅,attentionHooks,3,compliance-tone,type,tone,,注意力统计类型
10,opaque-rule-extra-work,规则不透明后的背锅,attentionHooks,4,institutional-process,label,流程漏洞,,注意力标题/标签
10,opaque-rule-extra-work,规则不透明后的背锅,attentionHooks,4,institutional-process,text,如果规则、模板和验收不一致，类似问题会反复出现。,,注意力浮现文案
10,opaque-rule-extra-work,规则不透明后的背锅,attentionHooks,4,institutional-process,description,如果规则、模板和验收不一致，类似问题会反复出现。,,注意力说明
10,opaque-rule-extra-work,规则不透明后的背锅,attentionHooks,4,institutional-process,type,structure,,注意力统计类型
10,opaque-rule-extra-work,规则不透明后的背锅,attentionHooks,5,anger-at-system,label,对系统的火气,,注意力标题/标签
10,opaque-rule-extra-work,规则不透明后的背锅,attentionHooks,5,anger-at-system,text,你不是不愿意配合，而是不想替模糊规则买单。,,注意力浮现文案
10,opaque-rule-extra-work,规则不透明后的背锅,attentionHooks,5,anger-at-system,description,你不是不愿意配合，而是不想替模糊规则买单。,,注意力说明
10,opaque-rule-extra-work,规则不透明后的背锅,attentionHooks,5,anger-at-system,type,hostility,,注意力统计类型
10,opaque-rule-extra-work,规则不透明后的背锅,attentionHooks,6,others-may-also-suffer,label,别人可能也被折腾,,注意力标题/标签
10,opaque-rule-extra-work,规则不透明后的背锅,attentionHooks,6,others-may-also-suffer,text,这可能不是个体失误，而是一套糟糕流程。,,注意力浮现文案
10,opaque-rule-extra-work,规则不透明后的背锅,attentionHooks,6,others-may-also-suffer,description,这可能不是个体失误，而是一套糟糕流程。,,注意力说明
10,opaque-rule-extra-work,规则不透明后的背锅,attentionHooks,6,others-may-also-suffer,type,other-motive,,注意力统计类型
10,opaque-rule-extra-work,规则不透明后的背锅,tags,1,i-messed-up,label,是不是我又没看仔细,,事件标注按钮主文案
10,opaque-rule-extra-work,规则不透明后的背锅,tags,1,i-messed-up,description,第一反应是把错误揽回自己身上。,,事件标注说明
10,opaque-rule-extra-work,规则不透明后的背锅,tags,2,rule-was-unclear,label,这规则本来就不清楚,,事件标注按钮主文案
10,opaque-rule-extra-work,规则不透明后的背锅,tags,2,rule-was-unclear,description,把问题定位到说明、模板和验收标准不一致。,,事件标注说明
10,opaque-rule-extra-work,规则不透明后的背锅,tags,3,they-are-dumping-work,label,他们只是把麻烦甩给我,,事件标注按钮主文案
10,opaque-rule-extra-work,规则不透明后的背锅,tags,3,they-are-dumping-work,description,把对方的“配合”听成责任转移。,,事件标注说明
10,opaque-rule-extra-work,规则不透明后的背锅,tags,4,dont-make-trouble,label,别较真，赶紧改完算了,,事件标注按钮主文案
10,opaque-rule-extra-work,规则不透明后的背锅,tags,4,dont-make-trouble,description,把目标缩小成尽快结束麻烦。,,事件标注说明
10,opaque-rule-extra-work,规则不透明后的背锅,behaviors,1,redo-quietly,label,闷头重填,,行为回应按钮主文案
10,opaque-rule-extra-work,规则不透明后的背锅,behaviors,1,redo-quietly,description,不争辩，先把今天的额外工作做完。,,行为回应说明
10,opaque-rule-extra-work,规则不透明后的背锅,behaviors,2,ask-template,label,要求给明确模板,,行为回应按钮主文案
10,opaque-rule-extra-work,规则不透明后的背锅,behaviors,2,ask-template,description,让对方发一份可复用的正确格式。,,行为回应说明
10,opaque-rule-extra-work,规则不透明后的背锅,behaviors,3,quote-announcement,label,截图公告反问,,行为回应按钮主文案
10,opaque-rule-extra-work,规则不透明后的背锅,behaviors,3,quote-announcement,description,指出公告没有写清，要求确认以后按哪个版本。,,行为回应说明
10,opaque-rule-extra-work,规则不透明后的背锅,behaviors,4,make-checklist,label,整理一份检查清单,,行为回应按钮主文案
10,opaque-rule-extra-work,规则不透明后的背锅,behaviors,4,make-checklist,description,把这次踩坑变成以后提交前的核对表。,,行为回应说明
10,opaque-rule-extra-work,规则不透明后的背锅,attributions,1,rules-need-receipts,label,规则要留下凭据,,人格归因按钮主文案
10,opaque-rule-extra-work,规则不透明后的背锅,attributions,1,rules-need-receipts,description,以后遇到含糊要求，要先保存版本和确认口径。,,人格归因说明
10,opaque-rule-extra-work,规则不透明后的背锅,attributions,2,systems-hide-costs,label,系统常把成本藏到个人身上,,人格归因按钮主文案
10,opaque-rule-extra-work,规则不透明后的背锅,attributions,2,systems-hide-costs,description,把这次看成流程设计不良，而不是单纯自己倒霉。,,人格归因说明
10,opaque-rule-extra-work,规则不透明后的背锅,attributions,3,comply-to-survive,label,先配合才能少受折腾,,人格归因按钮主文案
10,opaque-rule-extra-work,规则不透明后的背锅,attributions,3,comply-to-survive,description,把安全感放在不顶撞、不出头、不被继续盯上。,,人格归因说明
10,opaque-rule-extra-work,规则不透明后的背锅,attributions,4,push-back-on-dumping,label,甩锅不能每次都接,,人格归因按钮主文案
10,opaque-rule-extra-work,规则不透明后的背锅,attributions,4,push-back-on-dumping,description,把愤怒沉淀成下次更快指出责任边界。,,人格归因说明
11,need-expression-silence,表达需求后的沉默,event,,need-expression-silence,title,表达需求后的沉默,,事件标题
11,need-expression-silence,表达需求后的沉默,event,,need-expression-silence,text,你鼓起勇气说：“我最近有点累，希望你能主动问问我。”消息发出去后，对方一直没回。你看着聊天框，从下午等到晚上，开始后悔自己是不是说太多了。,,事件正文
11,need-expression-silence,表达需求后的沉默,firstReactions,1,i-said-too-much,text,完了，我是不是说太多、太重了。,,第一反应选项，玩家可见
11,need-expression-silence,表达需求后的沉默,firstReactions,1,i-said-too-much,tone,自疑,,内部倾向，可改但不会直接显示
11,need-expression-silence,表达需求后的沉默,firstReactions,2,silence-is-answer,text,他不回，其实已经是一种回答了吧。,,第一反应选项，玩家可见
11,need-expression-silence,表达需求后的沉默,firstReactions,2,silence-is-answer,tone,冷掉,,内部倾向，可改但不会直接显示
11,need-expression-silence,表达需求后的沉默,firstReactions,3,maybe-they-need-time,text,也许对方只是不会接这种话，我先等一下。,,第一反应选项，玩家可见
11,need-expression-silence,表达需求后的沉默,firstReactions,3,maybe-they-need-time,tone,体谅,,内部倾向，可改但不会直接显示
11,need-expression-silence,表达需求后的沉默,firstReactions,4,my-need-still-counts,text,可我确实累了，这句话不是凭空冒出来的。,,第一反应选项，玩家可见
11,need-expression-silence,表达需求后的沉默,firstReactions,4,my-need-still-counts,tone,确认,,内部倾向，可改但不会直接显示
11,need-expression-silence,表达需求后的沉默,attentionHooks,1,silence-after-need,label,需求后的沉默,,注意力标题/标签
11,need-expression-silence,表达需求后的沉默,attentionHooks,1,silence-after-need,text,沉默让你的表达像悬在半空，没有落点。,,注意力浮现文案
11,need-expression-silence,表达需求后的沉默,attentionHooks,1,silence-after-need,description,沉默让你的表达像悬在半空，没有落点。,,注意力说明
11,need-expression-silence,表达需求后的沉默,attentionHooks,1,silence-after-need,type,tone,,注意力统计类型
11,need-expression-silence,表达需求后的沉默,attentionHooks,2,vulnerability-opened,label,脆弱已经打开,,注意力标题/标签
11,need-expression-silence,表达需求后的沉默,attentionHooks,2,vulnerability-opened,text,你不是随口抱怨，而是真的把需要说出来了。,,注意力浮现文案
11,need-expression-silence,表达需求后的沉默,attentionHooks,2,vulnerability-opened,description,你不是随口抱怨，而是真的把需要说出来了。,,注意力说明
11,need-expression-silence,表达需求后的沉默,attentionHooks,2,vulnerability-opened,type,vulnerability,,注意力统计类型
11,need-expression-silence,表达需求后的沉默,attentionHooks,3,response-power,label,回应权在对方手里,,注意力标题/标签
11,need-expression-silence,表达需求后的沉默,attentionHooks,3,response-power,text,你已经表达，对方是否回应决定了这次连接能否继续。,,注意力浮现文案
11,need-expression-silence,表达需求后的沉默,attentionHooks,3,response-power,description,你已经表达，对方是否回应决定了这次连接能否继续。,,注意力说明
11,need-expression-silence,表达需求后的沉默,attentionHooks,3,response-power,type,power-relation,,注意力统计类型
11,need-expression-silence,表达需求后的沉默,attentionHooks,4,possible-overload,label,对方可能也不知道怎么接,,注意力标题/标签
11,need-expression-silence,表达需求后的沉默,attentionHooks,4,possible-overload,text,沉默不一定是不在乎，也可能是不会回应需求。,,注意力浮现文案
11,need-expression-silence,表达需求后的沉默,attentionHooks,4,possible-overload,description,沉默不一定是不在乎，也可能是不会回应需求。,,注意力说明
11,need-expression-silence,表达需求后的沉默,attentionHooks,4,possible-overload,type,other-motive,,注意力统计类型
11,need-expression-silence,表达需求后的沉默,attentionHooks,5,self-blame-loop,label,自责循环,,注意力标题/标签
11,need-expression-silence,表达需求后的沉默,attentionHooks,5,self-blame-loop,text,越等不到回应，你越想把问题改写成自己太麻烦。,,注意力浮现文案
11,need-expression-silence,表达需求后的沉默,attentionHooks,5,self-blame-loop,description,越等不到回应，你越想把问题改写成自己太麻烦。,,注意力说明
11,need-expression-silence,表达需求后的沉默,attentionHooks,5,self-blame-loop,type,hidden-belittling,,注意力统计类型
11,need-expression-silence,表达需求后的沉默,attentionHooks,6,ask-cost,label,开口的成本,,注意力标题/标签
11,need-expression-silence,表达需求后的沉默,attentionHooks,6,ask-cost,text,你意识到表达需求并不只是说一句话那么简单。,,注意力浮现文案
11,need-expression-silence,表达需求后的沉默,attentionHooks,6,ask-cost,description,你意识到表达需求并不只是说一句话那么简单。,,注意力说明
11,need-expression-silence,表达需求后的沉默,attentionHooks,6,ask-cost,type,responsibility,,注意力统计类型
11,need-expression-silence,表达需求后的沉默,tags,1,i-asked-too-much,label,我是不是要求太多了,,事件标注按钮主文案
11,need-expression-silence,表达需求后的沉默,tags,1,i-asked-too-much,description,把沉默解释成自己的需求过量。,,事件标注说明
11,need-expression-silence,表达需求后的沉默,tags,2,they-dont-care,label,对方其实不在乎,,事件标注按钮主文案
11,need-expression-silence,表达需求后的沉默,tags,2,they-dont-care,description,把没有回应理解成关系里的冷淡和回避。,,事件标注说明
11,need-expression-silence,表达需求后的沉默,tags,3,they-may-need-time,label,也许对方需要时间消化,,事件标注按钮主文案
11,need-expression-silence,表达需求后的沉默,tags,3,they-may-need-time,description,给沉默留一点不是拒绝的空间。,,事件标注说明
11,need-expression-silence,表达需求后的沉默,tags,4,my-need-is-real,label,我的需要不是错,,事件标注按钮主文案
11,need-expression-silence,表达需求后的沉默,tags,4,my-need-is-real,description,把焦点放在自己确实累了、确实需要回应。,,事件标注说明
11,need-expression-silence,表达需求后的沉默,behaviors,1,delete-message,label,想撤回或补一句算了,,行为回应按钮主文案
11,need-expression-silence,表达需求后的沉默,behaviors,1,delete-message,description,试图把刚才的需求缩回去，让场面不那么尴尬。,,行为回应说明
11,need-expression-silence,表达需求后的沉默,behaviors,2,send-clarifying-message,label,补充说不用立刻回答,,行为回应按钮主文案
11,need-expression-silence,表达需求后的沉默,behaviors,2,send-clarifying-message,description,给对方空间，也让自己的表达不被误解成逼迫。,,行为回应说明
11,need-expression-silence,表达需求后的沉默,behaviors,3,wait-and-observe,label,先不追问，观察回应,,行为回应按钮主文案
11,need-expression-silence,表达需求后的沉默,behaviors,3,wait-and-observe,description,把这次沉默当成关系里的一个真实信号。,,行为回应说明
11,need-expression-silence,表达需求后的沉默,behaviors,4,state-boundary-later,label,晚点说明这件事对你重要,,行为回应按钮主文案
11,need-expression-silence,表达需求后的沉默,behaviors,4,state-boundary-later,description,不在最慌的时候追，但也不让需求消失。,,行为回应说明
11,need-expression-silence,表达需求后的沉默,attributions,1,needs-deserve-space,label,需求应该有位置,,人格归因按钮主文案
11,need-expression-silence,表达需求后的沉默,attributions,1,needs-deserve-space,description,表达需要不是讨债，而是关系的一部分。,,人格归因说明
11,need-expression-silence,表达需求后的沉默,attributions,2,watch-response-pattern,label,我要看回应模式，不只看一句话,,人格归因按钮主文案
11,need-expression-silence,表达需求后的沉默,attributions,2,watch-response-pattern,description,把沉默放进长期互动里观察。,,人格归因说明
11,need-expression-silence,表达需求后的沉默,attributions,3,maybe-i-am-too-much,label,也许我真的太麻烦了,,人格归因按钮主文案
11,need-expression-silence,表达需求后的沉默,attributions,3,maybe-i-am-too-much,description,把关系压力收回自己身上，试图变得更省事。,,人格归因说明
11,need-expression-silence,表达需求后的沉默,attributions,4,hide-needs-next-time,label,下次还是别说了,,人格归因按钮主文案
11,need-expression-silence,表达需求后的沉默,attributions,4,hide-needs-next-time,description,把开口的痛感沉淀成更少暴露。,,人格归因说明